classroom.size,condition,frequency
2,common.birthdays.freq,0.0045
3,common.birthdays.freq,0.006
4,common.birthdays.freq,0.0155
5,common.birthdays.freq,0.03
6,common.birthdays.freq,0.045
7,common.birthdays.freq,0.0615
8,common.birthdays.freq,0.071
9,common.birthdays.freq,0.0975
10,common.birthdays.freq,0.1225
11,common.birthdays.freq,0.1325
12,common.birthdays.freq,0.158
13,common.birthdays.freq,0.1875
14,common.birthdays.freq,0.2265
15,common.birthdays.freq,0.252
16,common.birthdays.freq,0.271
17,common.birthdays.freq,0.3125
18,common.birthdays.freq,0.363
19,common.birthdays.freq,0.3955
20,common.birthdays.freq,0.418
21,common.birthdays.freq,0.4455
22,common.birthdays.freq,0.47
23,common.birthdays.freq,0.5015
24,common.birthdays.freq,0.5255
25,common.birthdays.freq,0.5665
26,common.birthdays.freq,0.5965
27,common.birthdays.freq,0.629
28,common.birthdays.freq,0.6555
29,common.birthdays.freq,0.673
30,common.birthdays.freq,0.7145
31,common.birthdays.freq,0.7295
32,common.birthdays.freq,0.762
33,common.birthdays.freq,0.767
34,common.birthdays.freq,0.7975
35,common.birthdays.freq,0.8225
36,common.birthdays.freq,0.8285
37,common.birthdays.freq,0.841
38,common.birthdays.freq,0.856
39,common.birthdays.freq,0.8815
40,common.birthdays.freq,0.891
41,common.birthdays.freq,0.9
42,common.birthdays.freq,0.914
43,common.birthdays.freq,0.9185
44,common.birthdays.freq,0.944
45,common.birthdays.freq,0.941
46,common.birthdays.freq,0.94
47,common.birthdays.freq,0.959
48,common.birthdays.freq,0.966
49,common.birthdays.freq,0.959
50,common.birthdays.freq,0.966
2,common.birthday.specific.freq,0.0045
3,common.birthday.specific.freq,0.0025
4,common.birthday.specific.freq,0.005
5,common.birthday.specific.freq,0.0155
6,common.birthday.specific.freq,0.017
7,common.birthday.specific.freq,0.0155
8,common.birthday.specific.freq,0.018
9,common.birthday.specific.freq,0.0225
10,common.birthday.specific.freq,0.023
11,common.birthday.specific.freq,0.023
12,common.birthday.specific.freq,0.0295
13,common.birthday.specific.freq,0.028
14,common.birthday.specific.freq,0.034
15,common.birthday.specific.freq,0.036
16,common.birthday.specific.freq,0.0355
17,common.birthday.specific.freq,0.0375
18,common.birthday.specific.freq,0.041
19,common.birthday.specific.freq,0.049
20,common.birthday.specific.freq,0.053
21,common.birthday.specific.freq,0.064
22,common.birthday.specific.freq,0.059
23,common.birthday.specific.freq,0.057
24,common.birthday.specific.freq,0.057
25,common.birthday.specific.freq,0.066
26,common.birthday.specific.freq,0.0685
27,common.birthday.specific.freq,0.07
28,common.birthday.specific.freq,0.0685
29,common.birthday.specific.freq,0.07
30,common.birthday.specific.freq,0.084
31,common.birthday.specific.freq,0.076
32,common.birthday.specific.freq,0.0865
33,common.birthday.specific.freq,0.0895
34,common.birthday.specific.freq,0.0925
35,common.birthday.specific.freq,0.099
36,common.birthday.specific.freq,0.093
37,common.birthday.specific.freq,0.098
38,common.birthday.specific.freq,0.089
39,common.birthday.specific.freq,0.0975
40,common.birthday.specific.freq,0.1095
41,common.birthday.specific.freq,0.1065
42,common.birthday.specific.freq,0.1035
43,common.birthday.specific.freq,0.1045
44,common.birthday.specific.freq,0.106
45,common.birthday.specific.freq,0.1085
46,common.birthday.specific.freq,0.12
47,common.birthday.specific.freq,0.1175
48,common.birthday.specific.freq,0.1165
49,common.birthday.specific.freq,0.1355
50,common.birthday.specific.freq,0.1175
